people editing for the first time,date
1,2005-04-09
1,2005-04-17
1,2005-04-18
1,2005-05-01
1,2005-05-22
1,2005-05-25
2,2005-06-02
1,2005-06-05
1,2005-06-08
2,2005-07-07
1,2005-07-12
1,2005-07-18
3,2005-07-21
1,2005-07-25
1,2005-07-26
1,2005-07-30
1,2005-08-03
1,2005-08-05
2,2005-08-07
2,2005-08-08
1,2005-08-10
1,2005-08-14
1,2005-08-20
1,2005-08-27
1,2005-08-30
1,2005-09-01
1,2005-09-12
1,2005-09-26
1,2005-09-27
1,2005-09-29
2,2005-10-03
1,2005-10-20
2,2005-10-21
1,2005-10-22
1,2005-10-23
1,2005-10-25
2,2005-11-01
1,2005-11-02
1,2005-11-03
1,2005-11-06
1,2005-11-07
1,2005-11-08
1,2005-11-09
1,2005-11-10
1,2005-11-13
1,2005-11-15
1,2005-11-16
1,2005-11-17
1,2005-11-19
3,2005-11-26
1,2005-11-27
1,2005-11-29
1,2005-12-02
1,2005-12-04
1,2005-12-10
2,2005-12-11
1,2005-12-12
1,2005-12-15
1,2005-12-17
2,2005-12-18
1,2005-12-21
2,2005-12-23
2,2005-12-25
1,2005-12-26
3,2005-12-27
1,2005-12-30
2,2006-01-04
3,2006-01-05
1,2006-01-06
1,2006-01-07
1,2006-01-09
1,2006-01-10
1,2006-01-11
1,2006-01-12
2,2006-01-13
1,2006-01-14
1,2006-01-18
2,2006-01-23
1,2006-01-27
1,2006-01-28
1,2006-02-01
1,2006-02-05
2,2006-02-12
1,2006-02-13
1,2006-02-17
1,2006-02-19
1,2006-02-20
2,2006-02-21
1,2006-02-22
3,2006-02-24
1,2006-03-11
2,2006-03-12
2,2006-03-13
2,2006-03-14
1,2006-03-15
1,2006-03-17
1,2006-03-21
1,2006-03-23
1,2006-03-24
1,2006-03-28
1,2006-03-29
1,2006-03-30
1,2006-04-01
1,2006-04-02
1,2006-04-06
1,2006-04-07
3,2006-04-08
2,2006-04-09
2,2006-04-11
1,2006-04-12
1,2006-04-13
3,2006-04-14
2,2006-04-16
1,2006-04-17
2,2006-04-20
1,2006-04-21
1,2006-04-22
2,2006-04-23
1,2006-04-25
1,2006-04-26
1,2006-04-27
1,2006-04-30
1,2006-05-04
1,2006-05-06
2,2006-05-07
1,2006-05-08
1,2006-05-10
2,2006-05-11
1,2006-05-12
1,2006-05-13
4,2006-05-14
1,2006-05-15
3,2006-05-16
1,2006-05-19
2,2006-05-21
2,2006-05-22
2,2006-05-23
2,2006-05-24
2,2006-05-25
2,2006-05-26
1,2006-05-27
1,2006-05-29
3,2006-05-31
2,2006-06-01
1,2006-06-04
1,2006-06-07
2,2006-06-08
1,2006-06-09
1,2006-06-10
1,2006-06-11
2,2006-06-12
1,2006-06-13
1,2006-06-14
1,2006-06-15
1,2006-06-17
2,2006-06-19
1,2006-06-23
2,2006-06-24
1,2006-06-26
1,2006-06-27
1,2006-06-28
2,2006-06-29
1,2006-07-01
1,2006-07-03
2,2006-07-06
2,2006-07-07
1,2006-07-08
1,2006-07-09
1,2006-07-11
1,2006-07-12
4,2006-07-14
2,2006-07-15
1,2006-07-16
4,2006-07-17
1,2006-07-19
1,2006-07-24
1,2006-07-26
2,2006-07-27
3,2006-07-29
1,2006-07-31
2,2006-08-01
2,2006-08-02
1,2006-08-04
1,2006-08-06
1,2006-08-09
1,2006-08-11
3,2006-08-12
2,2006-08-13
1,2006-08-15
2,2006-08-16
2,2006-08-17
2,2006-08-19
3,2006-08-20
2,2006-08-21
1,2006-08-22
2,2006-08-23
1,2006-08-24
1,2006-08-25
1,2006-08-26
4,2006-08-29
1,2006-08-30
1,2006-08-31
1,2006-09-01
1,2006-09-02
4,2006-09-05
2,2006-09-06
1,2006-09-08
2,2006-09-09
2,2006-09-10
1,2006-09-11
2,2006-09-12
1,2006-09-13
1,2006-09-14
1,2006-09-16
2,2006-09-17
2,2006-09-18
2,2006-09-20
2,2006-09-21
1,2006-09-22
1,2006-09-23
2,2006-09-25
1,2006-09-26
1,2006-09-27
3,2006-09-28
1,2006-09-29
3,2006-09-30
3,2006-10-01
2,2006-10-03
1,2006-10-04
1,2006-10-05
1,2006-10-06
2,2006-10-09
1,2006-10-11
3,2006-10-14
1,2006-10-16
1,2006-10-18
1,2006-10-20
1,2006-10-21
1,2006-10-22
3,2006-10-23
2,2006-10-24
2,2006-10-25
2,2006-10-26
2,2006-10-28
3,2006-10-29
1,2006-10-30
2,2006-11-01
1,2006-11-02
3,2006-11-03
1,2006-11-04
2,2006-11-05
2,2006-11-07
2,2006-11-10
3,2006-11-11
3,2006-11-12
2,2006-11-13
3,2006-11-14
6,2006-11-15
6,2006-11-16
2,2006-11-17
2,2006-11-19
3,2006-11-20
1,2006-11-21
2,2006-11-22
4,2006-11-23
5,2006-11-24
3,2006-11-25
2,2006-11-26
4,2006-11-27
8,2006-11-28
1,2006-11-29
3,2006-11-30
3,2006-12-01
3,2006-12-02
4,2006-12-03
2,2006-12-04
1,2006-12-05
2,2006-12-06
4,2006-12-07
1,2006-12-08
2,2006-12-09
4,2006-12-10
4,2006-12-11
2,2006-12-12
4,2006-12-13
4,2006-12-14
3,2006-12-15
4,2006-12-16
1,2006-12-17
1,2006-12-18
2,2006-12-19
5,2006-12-22
1,2006-12-23
4,2006-12-24
2,2006-12-25
3,2006-12-26
1,2006-12-27
2,2006-12-28
7,2006-12-29
2,2006-12-30
1,2006-12-31
2,2007-01-01
1,2007-01-03
2,2007-01-04
2,2007-01-05
3,2007-01-06
1,2007-01-07
3,2007-01-08
1,2007-01-10
1,2007-01-12
2,2007-01-13
3,2007-01-14
4,2007-01-16
3,2007-01-17
1,2007-01-18
3,2007-01-19
2,2007-01-20
1,2007-01-22
4,2007-01-23
1,2007-01-24
2,2007-01-25
2,2007-01-26
5,2007-01-27
6,2007-01-28
4,2007-01-29
4,2007-01-30
4,2007-01-31
4,2007-02-01
4,2007-02-03
4,2007-02-04
3,2007-02-05
3,2007-02-06
3,2007-02-07
3,2007-02-08
3,2007-02-09
2,2007-02-10
4,2007-02-11
7,2007-02-12
2,2007-02-13
2,2007-02-14
3,2007-02-15
8,2007-02-16
5,2007-02-17
3,2007-02-18
2,2007-02-19
6,2007-02-20
3,2007-02-21
2,2007-02-22
6,2007-02-23
3,2007-02-24
2,2007-02-25
4,2007-02-26
7,2007-02-27
5,2007-02-28
4,2007-03-01
3,2007-03-02
4,2007-03-03
3,2007-03-04
5,2007-03-05
2,2007-03-06
5,2007-03-07
2,2007-03-08
2,2007-03-09
3,2007-03-10
1,2007-03-11
3,2007-03-12
2,2007-03-13
5,2007-03-14
6,2007-03-15
8,2007-03-16
2,2007-03-17
2,2007-03-18
6,2007-03-19
3,2007-03-20
4,2007-03-21
7,2007-03-22
7,2007-03-23
7,2007-03-24
5,2007-03-25
5,2007-03-26
6,2007-03-27
5,2007-03-28
1,2007-03-29
8,2007-03-30
10,2007-03-31
6,2007-04-01
5,2007-04-02
9,2007-04-03
2,2007-04-04
3,2007-04-05
6,2007-04-06
4,2007-04-07
4,2007-04-08
9,2007-04-09
5,2007-04-10
5,2007-04-11
4,2007-04-12
4,2007-04-13
3,2007-04-14
2,2007-04-15
8,2007-04-16
6,2007-04-17
3,2007-04-18
5,2007-04-19
4,2007-04-20
6,2007-04-21
5,2007-04-22
5,2007-04-23
6,2007-04-24
6,2007-04-25
5,2007-04-26
5,2007-04-27
8,2007-04-28
2,2007-04-29
4,2007-04-30
2,2007-05-01
2,2007-05-02
4,2007-05-03
2,2007-05-04
1,2007-05-05
1,2007-05-07
1,2007-05-08
5,2007-05-09
3,2007-05-10
2,2007-05-11
3,2007-05-12
6,2007-05-13
3,2007-05-14
2,2007-05-15
2,2007-05-16
4,2007-05-17
3,2007-05-18
3,2007-05-19
8,2007-05-20
6,2007-05-21
6,2007-05-22
3,2007-05-23
6,2007-05-24
3,2007-05-25
3,2007-05-26
8,2007-05-27
8,2007-05-28
10,2007-05-29
7,2007-05-30
5,2007-05-31
11,2007-06-01
8,2007-06-02
13,2007-06-03
14,2007-06-04
9,2007-06-05
8,2007-06-06
13,2007-06-07
8,2007-06-08
3,2007-06-09
10,2007-06-10
12,2007-06-11
17,2007-06-12
6,2007-06-13
9,2007-06-14
7,2007-06-15
6,2007-06-16
5,2007-06-17
5,2007-06-18
9,2007-06-19
6,2007-06-20
5,2007-06-21
6,2007-06-22
3,2007-06-23
9,2007-06-24
4,2007-06-25
7,2007-06-26
11,2007-06-27
6,2007-06-28
9,2007-06-29
7,2007-06-30
13,2007-07-01
7,2007-07-02
8,2007-07-03
9,2007-07-04
14,2007-07-05
16,2007-07-06
16,2007-07-07
12,2007-07-08
12,2007-07-09
9,2007-07-10
19,2007-07-11
13,2007-07-12
14,2007-07-13
2,2007-07-14
6,2007-07-15
19,2007-07-16
12,2007-07-17
16,2007-07-18
9,2007-07-19
8,2007-07-20
10,2007-07-21
8,2007-07-22
17,2007-07-23
20,2007-07-24
10,2007-07-25
11,2007-07-26
6,2007-07-27
12,2007-07-28
3,2007-07-29
7,2007-07-30
7,2007-07-31
9,2007-08-01
12,2007-08-02
13,2007-08-03
9,2007-08-04
11,2007-08-05
13,2007-08-06
11,2007-08-07
21,2007-08-08
13,2007-08-09
16,2007-08-10
9,2007-08-11
13,2007-08-12
18,2007-08-13
6,2007-08-14
10,2007-08-15
15,2007-08-16
15,2007-08-17
4,2007-08-18
7,2007-08-19
18,2007-08-20
18,2007-08-21
25,2007-08-22
9,2007-08-23
13,2007-08-24
11,2007-08-25
15,2007-08-26
20,2007-08-27
12,2007-08-28
12,2007-08-29
13,2007-08-30
9,2007-08-31
11,2007-09-01
9,2007-09-02
10,2007-09-03
11,2007-09-04
14,2007-09-05
14,2007-09-06
15,2007-09-07
12,2007-09-08
10,2007-09-09
14,2007-09-10
7,2007-09-11
26,2007-09-12
21,2007-09-13
18,2007-09-14
12,2007-09-15
23,2007-09-16
22,2007-09-17
15,2007-09-18
17,2007-09-19
24,2007-09-20
19,2007-09-21
21,2007-09-22
29,2007-09-23
21,2007-09-24
18,2007-09-25
29,2007-09-26
19,2007-09-27
18,2007-09-28
16,2007-09-29
24,2007-09-30
17,2007-10-01
29,2007-10-02
24,2007-10-03
22,2007-10-04
17,2007-10-05
16,2007-10-06
10,2007-10-07
32,2007-10-08
29,2007-10-09
36,2007-10-10
57,2007-10-11
34,2007-10-12
39,2007-10-13
44,2007-10-14
49,2007-10-15
38,2007-10-16
38,2007-10-17
27,2007-10-18
39,2007-10-19
17,2007-10-20
33,2007-10-21
21,2007-10-22
29,2007-10-23
25,2007-10-24
26,2007-10-25
22,2007-10-26
14,2007-10-27
30,2007-10-28
26,2007-10-29
26,2007-10-30
33,2007-10-31
41,2007-11-01
29,2007-11-02
23,2007-11-03
22,2007-11-04
18,2007-11-05
24,2007-11-06
31,2007-11-07
28,2007-11-08
30,2007-11-09
20,2007-11-10
21,2007-11-11
33,2007-11-12
44,2007-11-13
35,2007-11-14
33,2007-11-15
29,2007-11-16
19,2007-11-17
43,2007-11-18
37,2007-11-19
39,2007-11-20
57,2007-11-21
64,2007-11-22
43,2007-11-23
24,2007-11-24
28,2007-11-25
29,2007-11-26
24,2007-11-27
25,2007-11-28
21,2007-11-29
24,2007-11-30
16,2007-12-01
28,2007-12-02
28,2007-12-03
44,2007-12-04
26,2007-12-05
36,2007-12-06
45,2007-12-07
21,2007-12-08
36,2007-12-09
23,2007-12-10
49,2007-12-11
33,2007-12-12
28,2007-12-13
30,2007-12-14
23,2007-12-15
25,2007-12-16
32,2007-12-17
27,2007-12-18
42,2007-12-19
20,2007-12-20
20,2007-12-21
13,2007-12-22
27,2007-12-23
21,2007-12-24
12,2007-12-25
25,2007-12-26
25,2007-12-27
24,2007-12-28
35,2007-12-29
35,2007-12-30
53,2007-12-31
34,2008-01-01
55,2008-01-02
42,2008-01-03
36,2008-01-04
37,2008-01-05
34,2008-01-06
29,2008-01-07
28,2008-01-08
39,2008-01-09
35,2008-01-10
34,2008-01-11
45,2008-01-12
27,2008-01-13
52,2008-01-14
53,2008-01-15
40,2008-01-16
47,2008-01-17
24,2008-01-18
23,2008-01-19
44,2008-01-20
33,2008-01-21
25,2008-01-22
24,2008-01-23
36,2008-01-24
26,2008-01-25
25,2008-01-26
34,2008-01-27
27,2008-01-28
38,2008-01-29
43,2008-01-30
55,2008-01-31
31,2008-02-01
23,2008-02-02
61,2008-02-03
51,2008-02-04
42,2008-02-05
40,2008-02-06
49,2008-02-07
37,2008-02-08
35,2008-02-09
36,2008-02-10
34,2008-02-11
35,2008-02-12
43,2008-02-13
36,2008-02-14
24,2008-02-15
39,2008-02-16
45,2008-02-17
39,2008-02-18
36,2008-02-19
50,2008-02-20
36,2008-02-21
39,2008-02-22
39,2008-02-23
31,2008-02-24
39,2008-02-25
68,2008-02-26
66,2008-02-27
82,2008-02-28
52,2008-02-29
49,2008-03-01
57,2008-03-02
33,2008-03-03
22,2008-03-04
36,2008-03-05
36,2008-03-06
36,2008-03-07
32,2008-03-08
32,2008-03-09
46,2008-03-10
46,2008-03-11
39,2008-03-12
40,2008-03-13
35,2008-03-14
27,2008-03-15
57,2008-03-16
67,2008-03-17
53,2008-03-18
40,2008-03-19
44,2008-03-20
47,2008-03-21
45,2008-03-22
33,2008-03-23
41,2008-03-24
64,2008-03-25
41,2008-03-26
59,2008-03-27
53,2008-03-28
51,2008-03-29
55,2008-03-30
44,2008-03-31
36,2008-04-01
44,2008-04-02
49,2008-04-03
45,2008-04-04
31,2008-04-05
45,2008-04-06
73,2008-04-07
66,2008-04-08
65,2008-04-09
46,2008-04-10
46,2008-04-11
37,2008-04-12
38,2008-04-13
71,2008-04-14
40,2008-04-15
60,2008-04-16
61,2008-04-17
52,2008-04-18
40,2008-04-19
38,2008-04-20
56,2008-04-21
66,2008-04-22
54,2008-04-23
52,2008-04-24
52,2008-04-25
39,2008-04-26
43,2008-04-27
52,2008-04-28
57,2008-04-29
46,2008-04-30
48,2008-05-01
38,2008-05-02
40,2008-05-03
43,2008-05-04
46,2008-05-05
59,2008-05-06
58,2008-05-07
46,2008-05-08
46,2008-05-09
38,2008-05-10
44,2008-05-11
56,2008-05-12
46,2008-05-13
47,2008-05-14
58,2008-05-15
44,2008-05-16
38,2008-05-17
43,2008-05-18
48,2008-05-19
49,2008-05-20
49,2008-05-21
53,2008-05-22
126,2008-05-23
162,2008-05-24
116,2008-05-25
150,2008-05-26
163,2008-05-27
131,2008-05-28
117,2008-05-29
192,2008-05-30
193,2008-05-31
184,2008-06-01
162,2008-06-02
147,2008-06-03
123,2008-06-04
129,2008-06-05
128,2008-06-06
88,2008-06-07
117,2008-06-08
102,2008-06-09
102,2008-06-10
73,2008-06-11
95,2008-06-12
67,2008-06-13
72,2008-06-14
151,2008-06-15
104,2008-06-16
89,2008-06-17
69,2008-06-18
41,2008-06-19
43,2008-06-20
58,2008-06-21
77,2008-06-22
69,2008-06-23
84,2008-06-24
144,2008-06-25
81,2008-06-26
99,2008-06-27
78,2008-06-28
58,2008-06-29
97,2008-06-30
89,2008-07-01
106,2008-07-02
172,2008-07-03
110,2008-07-04
76,2008-07-05
89,2008-07-06
110,2008-07-07
124,2008-07-08
70,2008-07-09
82,2008-07-10
83,2008-07-11
68,2008-07-12
68,2008-07-13
82,2008-07-14
84,2008-07-15
97,2008-07-16
91,2008-07-17
131,2008-07-18
72,2008-07-19
86,2008-07-20
85,2008-07-21
77,2008-07-22
91,2008-07-23
147,2008-07-24
83,2008-07-25
63,2008-07-26
80,2008-07-27
101,2008-07-28
80,2008-07-29
126,2008-07-30
106,2008-07-31
79,2008-08-01
168,2008-08-02
119,2008-08-03
131,2008-08-04
172,2008-08-05
138,2008-08-06
107,2008-08-07
87,2008-08-08
75,2008-08-09
77,2008-08-10
107,2008-08-11
90,2008-08-12
113,2008-08-13
100,2008-08-14
80,2008-08-15
112,2008-08-16
96,2008-08-17
95,2008-08-18
116,2008-08-19
155,2008-08-20
105,2008-08-21
87,2008-08-22
74,2008-08-23
96,2008-08-24
121,2008-08-25
108,2008-08-26
75,2008-08-27
93,2008-08-28
377,2008-08-29
143,2008-08-30
97,2008-08-31
158,2008-09-01
111,2008-09-02
123,2008-09-03
106,2008-09-04
102,2008-09-05
101,2008-09-06
98,2008-09-07
94,2008-09-08
76,2008-09-09
100,2008-09-10
93,2008-09-11
92,2008-09-12
98,2008-09-13
116,2008-09-14
76,2008-09-15
80,2008-09-16
68,2008-09-17
58,2008-09-18
71,2008-09-19
58,2008-09-20
91,2008-09-21
82,2008-09-22
55,2008-09-23
56,2008-09-24
85,2008-09-25
79,2008-09-26
73,2008-09-27
95,2008-09-28
90,2008-09-29
81,2008-09-30
68,2008-10-01
96,2008-10-02
105,2008-10-03
83,2008-10-04
96,2008-10-05
76,2008-10-06
102,2008-10-07
66,2008-10-08
72,2008-10-09
56,2008-10-10
56,2008-10-11
67,2008-10-12
77,2008-10-13
85,2008-10-14
72,2008-10-15
74,2008-10-16
55,2008-10-17
55,2008-10-18
74,2008-10-19
72,2008-10-20
77,2008-10-21
72,2008-10-22
93,2008-10-23
109,2008-10-24
76,2008-10-25
108,2008-10-26
74,2008-10-27
61,2008-10-28
54,2008-10-29
72,2008-10-30
55,2008-10-31
66,2008-11-01
81,2008-11-02
73,2008-11-03
155,2008-11-04
162,2008-11-05
101,2008-11-06
78,2008-11-07
71,2008-11-08
76,2008-11-09
98,2008-11-10
66,2008-11-11
71,2008-11-12
64,2008-11-13
68,2008-11-14
76,2008-11-15
74,2008-11-16
80,2008-11-17
83,2008-11-18
64,2008-11-19
77,2008-11-20
62,2008-11-21
67,2008-11-22
59,2008-11-23
67,2008-11-24
79,2008-11-25
67,2008-11-26
63,2008-11-27
112,2008-11-28
71,2008-11-29
78,2008-11-30
72,2008-12-01
58,2008-12-02
71,2008-12-03
73,2008-12-04
72,2008-12-05
43,2008-12-06
45,2008-12-07
59,2008-12-08
72,2008-12-09
45,2008-12-10
41,2008-12-11
46,2008-12-12
81,2008-12-13
86,2008-12-14
63,2008-12-15
50,2008-12-16
57,2008-12-17
91,2008-12-18
78,2008-12-19
58,2008-12-20
66,2008-12-21
67,2008-12-22
68,2008-12-23
46,2008-12-24
73,2008-12-25
77,2008-12-26
71,2008-12-27
85,2008-12-28
84,2008-12-29
98,2008-12-30
54,2008-12-31
57,2009-01-01
76,2009-01-02
75,2009-01-03
145,2009-01-04
156,2009-01-05
103,2009-01-06
82,2009-01-07
98,2009-01-08
87,2009-01-09
76,2009-01-10
69,2009-01-11
77,2009-01-12
72,2009-01-13
77,2009-01-14
64,2009-01-15
81,2009-01-16
61,2009-01-17
110,2009-01-18
133,2009-01-19
113,2009-01-20
109,2009-01-21
93,2009-01-22
75,2009-01-23
97,2009-01-24
116,2009-01-25
103,2009-01-26
108,2009-01-27
69,2009-01-28
61,2009-01-29
75,2009-01-30
65,2009-01-31
69,2009-02-01
104,2009-02-02
102,2009-02-03
88,2009-02-04
89,2009-02-05
73,2009-02-06
87,2009-02-07
172,2009-02-08
103,2009-02-09
117,2009-02-10
90,2009-02-11
86,2009-02-12
76,2009-02-13
96,2009-02-14
83,2009-02-15
70,2009-02-16
75,2009-02-17
96,2009-02-18
81,2009-02-19
89,2009-02-20
86,2009-02-21
87,2009-02-22
80,2009-02-23
104,2009-02-24
77,2009-02-25
94,2009-02-26
69,2009-02-27
91,2009-02-28
90,2009-03-01
80,2009-03-02
104,2009-03-03
87,2009-03-04
84,2009-03-05
68,2009-03-06
73,2009-03-07
83,2009-03-08
95,2009-03-09
140,2009-03-10
123,2009-03-11
94,2009-03-12
148,2009-03-13
152,2009-03-14
147,2009-03-15
137,2009-03-16
131,2009-03-17
124,2009-03-18
170,2009-03-19
156,2009-03-20
115,2009-03-21
123,2009-03-22
104,2009-03-23
123,2009-03-24
109,2009-03-25
100,2009-03-26
91,2009-03-27
108,2009-03-28
110,2009-03-29
92,2009-03-30
92,2009-03-31
97,2009-04-01
86,2009-04-02
90,2009-04-03
93,2009-04-04
113,2009-04-05
116,2009-04-06
114,2009-04-07
167,2009-04-08
120,2009-04-09
142,2009-04-10
94,2009-04-11
121,2009-04-12
112,2009-04-13
111,2009-04-14
137,2009-04-15
135,2009-04-16
31,2009-04-17
341,2009-04-21
312,2009-04-22
219,2009-04-23
245,2009-04-24
214,2009-04-25
270,2009-04-26
267,2009-04-27
277,2009-04-28
238,2009-04-29
206,2009-04-30
184,2009-05-01
171,2009-05-02
211,2009-05-03
237,2009-05-04
229,2009-05-05
227,2009-05-06
234,2009-05-07
202,2009-05-08
194,2009-05-09
201,2009-05-10
250,2009-05-11
228,2009-05-12
228,2009-05-13
232,2009-05-14
225,2009-05-15
211,2009-05-16
228,2009-05-17
249,2009-05-18
232,2009-05-19
210,2009-05-20
137,2009-05-21
284,2009-05-22
158,2009-05-23
164,2009-05-24
202,2009-05-25
141,2009-05-26
190,2009-05-27
182,2009-05-28
134,2009-05-29
131,2009-05-30
152,2009-05-31
195,2009-06-01
179,2009-06-02
182,2009-06-03
133,2009-06-04
160,2009-06-05
145,2009-06-06
173,2009-06-07
187,2009-06-08
170,2009-06-09
251,2009-06-10
158,2009-06-11
127,2009-06-12
135,2009-06-13
150,2009-06-14
169,2009-06-15
172,2009-06-16
169,2009-06-17
202,2009-06-18
159,2009-06-19
134,2009-06-20
154,2009-06-21
191,2009-06-22
151,2009-06-23
172,2009-06-24
146,2009-06-25
135,2009-06-26
139,2009-06-27
158,2009-06-28
139,2009-06-29
153,2009-06-30
155,2009-07-01
148,2009-07-02
167,2009-07-03
133,2009-07-04
174,2009-07-05
197,2009-07-06
188,2009-07-07
184,2009-07-08
140,2009-07-09
175,2009-07-10
152,2009-07-11
196,2009-07-12
265,2009-07-13
258,2009-07-14
189,2009-07-15
162,2009-07-16
187,2009-07-17
163,2009-07-18
204,2009-07-19
188,2009-07-20
192,2009-07-21
202,2009-07-22
234,2009-07-23
181,2009-07-24
143,2009-07-25
158,2009-07-26
198,2009-07-27
188,2009-07-28
198,2009-07-29
224,2009-07-30
188,2009-07-31
142,2009-08-01
193,2009-08-02
153,2009-08-03
208,2009-08-04
246,2009-08-05
316,2009-08-06
211,2009-08-07
159,2009-08-08
227,2009-08-09
361,2009-08-10
303,2009-08-11
312,2009-08-12
275,2009-08-13
276,2009-08-14
247,2009-08-15
230,2009-08-16
291,2009-08-17
310,2009-08-18
284,2009-08-19
320,2009-08-20
269,2009-08-21
31,2009-08-22
106,2009-08-23
258,2009-08-24
225,2009-08-25
220,2009-08-26
290,2009-08-27
417,2009-08-28
223,2009-08-29
242,2009-08-30
225,2009-08-31
233,2009-09-01
222,2009-09-02
217,2009-09-03
216,2009-09-04
151,2009-09-05
187,2009-09-06
209,2009-09-07
231,2009-09-08
281,2009-09-09
429,2009-09-10
365,2009-09-11
345,2009-09-12
361,2009-09-13
329,2009-09-14
352,2009-09-15
364,2009-09-16
342,2009-09-17
386,2009-09-18
273,2009-09-19
252,2009-09-20
266,2009-09-21
277,2009-09-22
231,2009-09-23
211,2009-09-24
175,2009-09-25
156,2009-09-26
171,2009-09-27
218,2009-09-28
250,2009-09-29
190,2009-09-30
200,2009-10-01
221,2009-10-02
221,2009-10-03
207,2009-10-04
225,2009-10-05
210,2009-10-06
216,2009-10-07
251,2009-10-08
197,2009-10-09
191,2009-10-10
198,2009-10-11
194,2009-10-12
192,2009-10-13
510,2009-10-14
233,2009-10-15
213,2009-10-16
143,2009-10-17
165,2009-10-18
184,2009-10-19
195,2009-10-20
176,2009-10-21
179,2009-10-22
164,2009-10-23
141,2009-10-24
151,2009-10-25
215,2009-10-26
190,2009-10-27
165,2009-10-28
208,2009-10-29
147,2009-10-30
112,2009-10-31
151,2009-11-01
232,2009-11-02
214,2009-11-03
237,2009-11-04
195,2009-11-05
144,2009-11-06
161,2009-11-07
137,2009-11-08
167,2009-11-09
170,2009-11-10
183,2009-11-11
174,2009-11-12
144,2009-11-13
121,2009-11-14
162,2009-11-15
153,2009-11-16
422,2009-11-17
284,2009-11-18
226,2009-11-19
182,2009-11-20
151,2009-11-21
197,2009-11-22
180,2009-11-23
203,2009-11-24
302,2009-11-25
184,2009-11-26
161,2009-11-27
150,2009-11-28
182,2009-11-29
205,2009-11-30
150,2009-12-01
131,2009-12-02
108,2009-12-03
109,2009-12-04
112,2009-12-05
113,2009-12-06
158,2009-12-07
159,2009-12-08
156,2009-12-09
145,2009-12-10
127,2009-12-11
112,2009-12-12
124,2009-12-13
189,2009-12-14
138,2009-12-15
166,2009-12-16
140,2009-12-17
114,2009-12-18
92,2009-12-19
119,2009-12-20
89,2009-12-21
118,2009-12-22
123,2009-12-23
95,2009-12-24
95,2009-12-25
136,2009-12-26
135,2009-12-27
142,2009-12-28
154,2009-12-29
132,2009-12-30
121,2009-12-31
84,2010-01-01
155,2010-01-02
146,2010-01-03
159,2010-01-04
161,2010-01-05
140,2010-01-06
178,2010-01-07
146,2010-01-08
168,2010-01-09
125,2010-01-10
130,2010-01-11
146,2010-01-12
153,2010-01-13
152,2010-01-14
148,2010-01-15
150,2010-01-16
172,2010-01-17
193,2010-01-18
177,2010-01-19
261,2010-01-20
186,2010-01-21
221,2010-01-22
208,2010-01-23
194,2010-01-24
263,2010-01-25
234,2010-01-26
189,2010-01-27
169,2010-01-28
156,2010-01-29
157,2010-01-30
182,2010-01-31
178,2010-02-01
173,2010-02-02
173,2010-02-03
200,2010-02-04
192,2010-02-05
260,2010-02-06
176,2010-02-07
228,2010-02-08
176,2010-02-09
146,2010-02-10
142,2010-02-11
137,2010-02-12
125,2010-02-13
136,2010-02-14
153,2010-02-15
149,2010-02-16
123,2010-02-17
173,2010-02-18
101,2010-02-19
176,2010-02-20
166,2010-02-21
124,2010-02-22
174,2010-02-23
239,2010-02-24
195,2010-02-25
153,2010-02-26
163,2010-02-27
191,2010-02-28
170,2010-03-01
152,2010-03-02
148,2010-03-03
151,2010-03-04
218,2010-03-05
157,2010-03-06
154,2010-03-07
203,2010-03-08
245,2010-03-09
208,2010-03-10
228,2010-03-11
152,2010-03-12
158,2010-03-13
178,2010-03-14
151,2010-03-15
165,2010-03-16
182,2010-03-17
148,2010-03-18
141,2010-03-19
167,2010-03-20
160,2010-03-21
167,2010-03-22
179,2010-03-23
163,2010-03-24
149,2010-03-25
141,2010-03-26
117,2010-03-27
149,2010-03-28
188,2010-03-29
147,2010-03-30
149,2010-03-31
176,2010-04-01
162,2010-04-02
129,2010-04-03
160,2010-04-04
167,2010-04-05
151,2010-04-06
176,2010-04-07
134,2010-04-08
184,2010-04-09
173,2010-04-10
186,2010-04-11
182,2010-04-12
147,2010-04-13
185,2010-04-14
145,2010-04-15
157,2010-04-16
167,2010-04-17
202,2010-04-18
268,2010-04-19
221,2010-04-20
219,2010-04-21
159,2010-04-22
151,2010-04-23
114,2010-04-24
144,2010-04-25
163,2010-04-26
179,2010-04-27
177,2010-04-28
172,2010-04-29
133,2010-04-30
148,2010-05-01
163,2010-05-02
152,2010-05-03
164,2010-05-04
194,2010-05-05
148,2010-05-06
169,2010-05-07
126,2010-05-08
146,2010-05-09
156,2010-05-10
175,2010-05-11
143,2010-05-12
141,2010-05-13
151,2010-05-14
153,2010-05-15
133,2010-05-16
166,2010-05-17
207,2010-05-18
184,2010-05-19
127,2010-05-20
120,2010-05-21
99,2010-05-22
125,2010-05-23
173,2010-05-24
203,2010-05-25
181,2010-05-26
166,2010-05-27
151,2010-05-28
138,2010-05-29
157,2010-05-30
166,2010-05-31
494,2010-06-01
294,2010-06-02
202,2010-06-03
136,2010-06-04
113,2010-06-05
170,2010-06-06
182,2010-06-07
168,2010-06-08
192,2010-06-09
148,2010-06-10
111,2010-06-11
119,2010-06-12
146,2010-06-13
146,2010-06-14
73,2010-06-15
159,2010-06-16
151,2010-06-17
126,2010-06-18
130,2010-06-19
135,2010-06-20
160,2010-06-21
139,2010-06-22
119,2010-06-23
134,2010-06-24
128,2010-06-25
124,2010-06-26
113,2010-06-27
158,2010-06-28
185,2010-06-29
126,2010-06-30
158,2010-07-01
71,2010-07-03
150,2010-07-04
156,2010-07-05
174,2010-07-06
133,2010-07-07
127,2010-07-08
155,2010-07-09
134,2010-07-10
138,2010-07-11
169,2010-07-12
149,2010-07-13
136,2010-07-14
121,2010-07-15
100,2010-07-16
121,2010-07-17
123,2010-07-18
147,2010-07-19
169,2010-07-20
135,2010-07-21
169,2010-07-22
162,2010-07-23
110,2010-07-24
147,2010-07-25
164,2010-07-26
213,2010-07-27
235,2010-07-28
174,2010-07-29
143,2010-07-30
104,2010-07-31
120,2010-08-01
179,2010-08-02
243,2010-08-03
250,2010-08-04
199,2010-08-05
182,2010-08-06
111,2010-08-07
152,2010-08-08
200,2010-08-09
175,2010-08-10
185,2010-08-11
164,2010-08-12
168,2010-08-13
135,2010-08-14
167,2010-08-15
140,2010-08-16
203,2010-08-17
147,2010-08-18
149,2010-08-19
125,2010-08-20
125,2010-08-21
143,2010-08-22
194,2010-08-23
188,2010-08-24
171,2010-08-25
178,2010-08-26
175,2010-08-27
146,2010-08-28
250,2010-08-29
207,2010-08-30
173,2010-08-31
154,2010-09-01
161,2010-09-02
114,2010-09-03
128,2010-09-04
137,2010-09-05
175,2010-09-06
156,2010-09-07
158,2010-09-08
174,2010-09-09
130,2010-09-10
192,2010-09-11
162,2010-09-12
171,2010-09-13
217,2010-09-14
197,2010-09-15
172,2010-09-16
146,2010-09-17
127,2010-09-18
137,2010-09-19
138,2010-09-20
167,2010-09-21
152,2010-09-22
130,2010-09-23
128,2010-09-24
116,2010-09-25
163,2010-09-26
167,2010-09-27
156,2010-09-28
189,2010-09-29
148,2010-09-30
123,2010-10-01
121,2010-10-02
133,2010-10-03
120,2010-10-04
141,2010-10-05
123,2010-10-06
176,2010-10-07
206,2010-10-08
104,2010-10-09
131,2010-10-10
146,2010-10-11
155,2010-10-12
155,2010-10-13
141,2010-10-14
146,2010-10-15
119,2010-10-16
161,2010-10-17
162,2010-10-18
167,2010-10-19
148,2010-10-20
185,2010-10-21
191,2010-10-22
143,2010-10-23
150,2010-10-24
166,2010-10-25
142,2010-10-26
157,2010-10-27
119,2010-10-28
143,2010-10-29
139,2010-10-30
119,2010-10-31
166,2010-11-01
209,2010-11-02
143,2010-11-03
171,2010-11-04
149,2010-11-05
140,2010-11-06
167,2010-11-07
173,2010-11-08
148,2010-11-09
143,2010-11-10
150,2010-11-11
126,2010-11-12
126,2010-11-13
344,2010-11-14
173,2010-11-15
163,2010-11-16
127,2010-11-17
147,2010-11-18
143,2010-11-19
112,2010-11-20
130,2010-11-21
125,2010-11-22
160,2010-11-23
217,2010-11-24
184,2010-11-25
175,2010-11-26
122,2010-11-27
117,2010-11-28
214,2010-11-29
189,2010-11-30
246,2010-12-01
181,2010-12-02
207,2010-12-03
152,2010-12-04
172,2010-12-05
160,2010-12-06
155,2010-12-07
162,2010-12-08
189,2010-12-09
134,2010-12-10
123,2010-12-11
177,2010-12-12
151,2010-12-13
117,2010-12-14
121,2010-12-15
231,2010-12-16
184,2010-12-17
143,2010-12-18
127,2010-12-19
123,2010-12-20
171,2010-12-21
253,2010-12-22
126,2010-12-23
97,2010-12-24
99,2010-12-25
134,2010-12-26
153,2010-12-27
148,2010-12-28
151,2010-12-29
156,2010-12-30
127,2010-12-31
103,2011-01-01
153,2011-01-02
200,2011-01-03
179,2011-01-04
156,2011-01-05
147,2011-01-06
142,2011-01-07
133,2011-01-08
153,2011-01-09
166,2011-01-10
170,2011-01-11
162,2011-01-12
162,2011-01-13
119,2011-01-14
115,2011-01-15
181,2011-01-16
171,2011-01-17
226,2011-01-18
183,2011-01-19
158,2011-01-20
122,2011-01-21
156,2011-01-22
156,2011-01-23
178,2011-01-24
175,2011-01-25
159,2011-01-26
160,2011-01-27
169,2011-01-28
143,2011-01-29
173,2011-01-30
167,2011-01-31
160,2011-02-01
171,2011-02-02
175,2011-02-03
143,2011-02-04
145,2011-02-05
275,2011-02-06
226,2011-02-07
259,2011-02-08
195,2011-02-09
185,2011-02-10
167,2011-02-11
144,2011-02-12
170,2011-02-13
136,2011-02-14
183,2011-02-15
208,2011-02-16
270,2011-02-17
206,2011-02-18
167,2011-02-19
165,2011-02-20
183,2011-02-21
195,2011-02-22
193,2011-02-23
201,2011-02-24
147,2011-02-25
161,2011-02-26
208,2011-02-27
169,2011-02-28
180,2011-03-01
145,2011-03-02
145,2011-03-03
149,2011-03-04
120,2011-03-05
166,2011-03-06
196,2011-03-07
144,2011-03-08
190,2011-03-09
151,2011-03-10
138,2011-03-11
187,2011-03-12
233,2011-03-13
224,2011-03-14
172,2011-03-15
189,2011-03-16
157,2011-03-17
190,2011-03-18
160,2011-03-19
147,2011-03-20
150,2011-03-21
242,2011-03-22
254,2011-03-23
197,2011-03-24
197,2011-03-25
155,2011-03-26
163,2011-03-27
168,2011-03-28
213,2011-03-29
226,2011-03-30
169,2011-03-31
165,2011-04-01
128,2011-04-02
167,2011-04-03
218,2011-04-04
257,2011-04-05
277,2011-04-06
214,2011-04-07
172,2011-04-08
188,2011-04-09
197,2011-04-10
193,2011-04-11
234,2011-04-12
186,2011-04-13
184,2011-04-14
150,2011-04-15
167,2011-04-16
128,2011-04-17
180,2011-04-18
292,2011-04-19
309,2011-04-20
230,2011-04-21
245,2011-04-22
198,2011-04-23
155,2011-04-24
292,2011-04-25
253,2011-04-26
232,2011-04-27
191,2011-04-28
173,2011-04-29
152,2011-04-30
165,2011-05-01
180,2011-05-02
276,2011-05-03
192,2011-05-04
170,2011-05-05
184,2011-05-06
130,2011-05-07
167,2011-05-08
160,2011-05-09
202,2011-05-10
194,2011-05-11
165,2011-05-12
168,2011-05-13
163,2011-05-14
186,2011-05-15
195,2011-05-16
206,2011-05-17
220,2011-05-18
169,2011-05-19
204,2011-05-20
160,2011-05-21
161,2011-05-22
207,2011-05-23
194,2011-05-24
156,2011-05-25
164,2011-05-26
208,2011-05-27
163,2011-05-28
163,2011-05-29
170,2011-05-30
198,2011-05-31
169,2011-06-01
168,2011-06-02
165,2011-06-03
137,2011-06-04
166,2011-06-05
180,2011-06-06
188,2011-06-07
201,2011-06-08
172,2011-06-09
162,2011-06-10
153,2011-06-11
176,2011-06-12
201,2011-06-13
229,2011-06-14
183,2011-06-15
183,2011-06-16
164,2011-06-17
161,2011-06-18
222,2011-06-19
226,2011-06-20
215,2011-06-21
171,2011-06-22
145,2011-06-23
213,2011-06-24
160,2011-06-25
192,2011-06-26
208,2011-06-27
200,2011-06-28
202,2011-06-29
185,2011-06-30
213,2011-07-01
173,2011-07-02
218,2011-07-03
243,2011-07-04
242,2011-07-05
288,2011-07-06
225,2011-07-07
182,2011-07-08
152,2011-07-09
179,2011-07-10
255,2011-07-11
296,2011-07-12
297,2011-07-13
220,2011-07-14
198,2011-07-15
270,2011-07-16
250,2011-07-17
253,2011-07-18
217,2011-07-19
207,2011-07-20
213,2011-07-21
204,2011-07-22
146,2011-07-23
183,2011-07-24
192,2011-07-25
299,2011-07-26
174,2011-07-27
184,2011-07-28
168,2011-07-29
142,2011-07-30
174,2011-07-31
164,2011-08-01
248,2011-08-02
241,2011-08-03
212,2011-08-04
184,2011-08-05
157,2011-08-06
175,2011-08-07
162,2011-08-08
196,2011-08-09
187,2011-08-10
203,2011-08-11
166,2011-08-12
145,2011-08-13
169,2011-08-14
158,2011-08-15
231,2011-08-16
206,2011-08-17
158,2011-08-18
162,2011-08-19
120,2011-08-20
126,2011-08-21
162,2011-08-22
191,2011-08-23
207,2011-08-24
158,2011-08-25
154,2011-08-26
132,2011-08-27
152,2011-08-28
179,2011-08-29
168,2011-08-30
166,2011-08-31
160,2011-09-01
158,2011-09-02
133,2011-09-03
122,2011-09-04
173,2011-09-05
156,2011-09-06
154,2011-09-07
172,2011-09-08
135,2011-09-09
151,2011-09-10
136,2011-09-11
155,2011-09-12
176,2011-09-13
161,2011-09-14
171,2011-09-15
150,2011-09-16
156,2011-09-17
154,2011-09-18
184,2011-09-19
172,2011-09-20
166,2011-09-21
156,2011-09-22
165,2011-09-23
104,2011-09-24
157,2011-09-25
187,2011-09-26
207,2011-09-27
158,2011-09-28
174,2011-09-29
152,2011-09-30
114,2011-10-01
140,2011-10-02
172,2011-10-03
172,2011-10-04
173,2011-10-05
190,2011-10-06
160,2011-10-07
143,2011-10-08
199,2011-10-09
191,2011-10-10
195,2011-10-11
199,2011-10-12
179,2011-10-13
178,2011-10-14
162,2011-10-15
134,2011-10-16
169,2011-10-17
173,2011-10-18
179,2011-10-19
173,2011-10-20
154,2011-10-21
151,2011-10-22
162,2011-10-23
214,2011-10-24
173,2011-10-25
199,2011-10-26
183,2011-10-27
203,2011-10-28
173,2011-10-29
179,2011-10-30
301,2011-10-31
251,2011-11-01
225,2011-11-02
169,2011-11-03
158,2011-11-04
141,2011-11-05
186,2011-11-06
204,2011-11-07
177,2011-11-08
155,2011-11-09
137,2011-11-10
136,2011-11-11
127,2011-11-12
150,2011-11-13
175,2011-11-14
168,2011-11-15
172,2011-11-16
184,2011-11-17
132,2011-11-18
137,2011-11-19
169,2011-11-20
170,2011-11-21
154,2011-11-22
166,2011-11-23
155,2011-11-24
138,2011-11-25
156,2011-11-26
157,2011-11-27
173,2011-11-28
210,2011-11-29
223,2011-11-30
219,2011-12-01
154,2011-12-02
113,2011-12-03
162,2011-12-04
172,2011-12-05
209,2011-12-06
150,2011-12-07
201,2011-12-08
161,2011-12-09
148,2011-12-10
162,2011-12-11
195,2011-12-12
159,2011-12-13
214,2011-12-14
190,2011-12-15
173,2011-12-16
134,2011-12-17
142,2011-12-18
147,2011-12-19
155,2011-12-20
164,2011-12-21
135,2011-12-22
112,2011-12-23
94,2011-12-24
82,2011-12-25
226,2011-12-26
235,2011-12-27
185,2011-12-28
292,2011-12-29
197,2011-12-30
118,2011-12-31
95,2012-01-01
194,2012-01-02
200,2012-01-03
263,2012-01-04
421,2012-01-05
222,2012-01-06
167,2012-01-07
160,2012-01-08
250,2012-01-09
226,2012-01-10
201,2012-01-11
223,2012-01-12
189,2012-01-13
174,2012-01-14
163,2012-01-15
160,2012-01-16
554,2012-01-17
493,2012-01-18
402,2012-01-19
213,2012-01-20
179,2012-01-21
192,2012-01-22
190,2012-01-23
195,2012-01-24
227,2012-01-25
213,2012-01-26
200,2012-01-27
165,2012-01-28
174,2012-01-29
192,2012-01-30
257,2012-01-31
216,2012-02-01
214,2012-02-02
144,2012-02-03
152,2012-02-04
184,2012-02-05
189,2012-02-06
267,2012-02-07
241,2012-02-08
203,2012-02-09
164,2012-02-10
150,2012-02-11
146,2012-02-12
187,2012-02-13
185,2012-02-14
203,2012-02-15
198,2012-02-16
173,2012-02-17
155,2012-02-18
182,2012-02-19
230,2012-02-20
167,2012-02-21
188,2012-02-22
147,2012-02-23
169,2012-02-24
148,2012-02-25
155,2012-02-26
173,2012-02-27
188,2012-02-28
217,2012-02-29
715,2012-03-01
483,2012-03-02
262,2012-03-03
235,2012-03-04
322,2012-03-05
233,2012-03-06
258,2012-03-07
576,2012-03-08
784,2012-03-09
449,2012-03-10
384,2012-03-11
483,2012-03-12
447,2012-03-13
501,2012-03-14
358,2012-03-15
264,2012-03-16
251,2012-03-17
253,2012-03-18
293,2012-03-19
414,2012-03-20
331,2012-03-21
325,2012-03-22
274,2012-03-23
182,2012-03-24
216,2012-03-25
265,2012-03-26
276,2012-03-27
528,2012-03-28
361,2012-03-29
341,2012-03-30
205,2012-03-31
35,2012-04-01
242,2012-04-04
348,2012-04-05
857,2012-04-06
509,2012-04-07
621,2012-04-08
697,2012-04-09
503,2012-04-10
376,2012-04-11
390,2012-04-12
289,2012-04-13
204,2012-04-14
246,2012-04-15
294,2012-04-16
251,2012-04-17
264,2012-04-18
274,2012-04-19
217,2012-04-20
195,2012-04-21
190,2012-04-22
290,2012-04-23
236,2012-04-24
239,2012-04-25
245,2012-04-26
195,2012-04-27
158,2012-04-28
199,2012-04-29
183,2012-04-30
196,2012-05-01
177,2012-05-02
182,2012-05-03
327,2012-05-04
278,2012-05-05
250,2012-05-06
318,2012-05-07
264,2012-05-08
240,2012-05-09
210,2012-05-10
260,2012-05-11
206,2012-05-12
208,2012-05-13
215,2012-05-14
231,2012-05-15
251,2012-05-16
218,2012-05-17
173,2012-05-18
164,2012-05-19
207,2012-05-20
209,2012-05-21
209,2012-05-22
210,2012-05-23
215,2012-05-24
203,2012-05-25
164,2012-05-26
167,2012-05-27
213,2012-05-28
381,2012-05-29
308,2012-05-30
241,2012-05-31
222,2012-06-01
180,2012-06-02
207,2012-06-03
224,2012-06-04
261,2012-06-05
280,2012-06-06
320,2012-06-07
207,2012-06-08
177,2012-06-09
170,2012-06-10
249,2012-06-11
446,2012-06-12
455,2012-06-13
299,2012-06-14
235,2012-06-15
323,2012-06-16
199,2012-06-17
290,2012-06-18
274,2012-06-19
254,2012-06-20
222,2012-06-21
223,2012-06-22
210,2012-06-23
260,2012-06-24
305,2012-06-25
259,2012-06-26
231,2012-06-27
225,2012-06-28
178,2012-06-29
159,2012-06-30
176,2012-07-01
199,2012-07-02
192,2012-07-03
203,2012-07-04
201,2012-07-05
203,2012-07-06
174,2012-07-07
159,2012-07-08
223,2012-07-09
234,2012-07-10
241,2012-07-11
264,2012-07-12
217,2012-07-13
153,2012-07-14
172,2012-07-15
217,2012-07-16
228,2012-07-17
217,2012-07-18
235,2012-07-19
225,2012-07-20
172,2012-07-21
192,2012-07-22
205,2012-07-23
231,2012-07-24
208,2012-07-25
162,2012-07-26
218,2012-07-27
203,2012-07-28
173,2012-07-29
186,2012-07-30
266,2012-07-31
223,2012-08-01
236,2012-08-02
200,2012-08-03
158,2012-08-04
165,2012-08-05
197,2012-08-06
215,2012-08-07
204,2012-08-08
226,2012-08-09
173,2012-08-10
165,2012-08-11
176,2012-08-12
237,2012-08-13
379,2012-08-14
337,2012-08-15
264,2012-08-16
242,2012-08-17
265,2012-08-18
240,2012-08-19
213,2012-08-20
204,2012-08-21
221,2012-08-22
200,2012-08-23
192,2012-08-24
156,2012-08-25
168,2012-08-26
212,2012-08-27
288,2012-08-28
432,2012-08-29
246,2012-08-30
208,2012-08-31
158,2012-09-01
237,2012-09-02
214,2012-09-03
221,2012-09-04
245,2012-09-05
171,2012-09-06
246,2012-09-07
161,2012-09-08
191,2012-09-09
208,2012-09-10
227,2012-09-11
248,2012-09-12
228,2012-09-13
209,2012-09-14
176,2012-09-15
193,2012-09-16
223,2012-09-17
298,2012-09-18
241,2012-09-19
576,2012-09-20
505,2012-09-21
336,2012-09-22
340,2012-09-23
356,2012-09-24
452,2012-09-25
420,2012-09-26
340,2012-09-27
272,2012-09-28
233,2012-09-29
236,2012-09-30
241,2012-10-01
249,2012-10-02
318,2012-10-03
304,2012-10-04
271,2012-10-05
194,2012-10-06
191,2012-10-07
245,2012-10-08
267,2012-10-09
264,2012-10-10
258,2012-10-11
266,2012-10-12
215,2012-10-13
201,2012-10-14
234,2012-10-15
209,2012-10-16
220,2012-10-17
298,2012-10-18
174,2012-10-19
206,2012-10-20
235,2012-10-21
222,2012-10-22
248,2012-10-23
185,2012-10-24
215,2012-10-25
164,2012-10-26
159,2012-10-27
163,2012-10-28
234,2012-10-29
206,2012-10-30
164,2012-10-31
179,2012-11-01
183,2012-11-02
184,2012-11-03
194,2012-11-04
216,2012-11-05
214,2012-11-06
214,2012-11-07
228,2012-11-08
203,2012-11-09
190,2012-11-10
192,2012-11-11
165,2012-11-12
303,2012-11-13
249,2012-11-14
224,2012-11-15
288,2012-11-16
190,2012-11-17
199,2012-11-18
244,2012-11-19
252,2012-11-20
247,2012-11-21
241,2012-11-22
187,2012-11-23
229,2012-11-24
206,2012-11-25
212,2012-11-26
212,2012-11-27
329,2012-11-28
206,2012-11-29
201,2012-11-30
158,2012-12-01
152,2012-12-02
227,2012-12-03
201,2012-12-04
201,2012-12-05
166,2012-12-06
182,2012-12-07
125,2012-12-08
207,2012-12-09
264,2012-12-10
216,2012-12-11
188,2012-12-12
189,2012-12-13
188,2012-12-14
125,2012-12-15
138,2012-12-16
185,2012-12-17
220,2012-12-18
194,2012-12-19
173,2012-12-20
148,2012-12-21
117,2012-12-22
134,2012-12-23
95,2012-12-24
116,2012-12-25
180,2012-12-26
183,2012-12-27
171,2012-12-28
138,2012-12-29
158,2012-12-30
140,2012-12-31
146,2013-01-01
226,2013-01-02
239,2013-01-03
235,2013-01-04
166,2013-01-05
215,2013-01-06
208,2013-01-07
216,2013-01-08
235,2013-01-09
326,2013-01-10
343,2013-01-11
188,2013-01-12
217,2013-01-13
273,2013-01-14
244,2013-01-15
249,2013-01-16
244,2013-01-17
209,2013-01-18
161,2013-01-19
185,2013-01-20
253,2013-01-21
224,2013-01-22
241,2013-01-23
209,2013-01-24
212,2013-01-25
185,2013-01-26
403,2013-01-27
378,2013-01-28
293,2013-01-29
258,2013-01-30
238,2013-01-31
229,2013-02-01
176,2013-02-02
175,2013-02-03
200,2013-02-04
226,2013-02-05
221,2013-02-06
222,2013-02-07
209,2013-02-08
155,2013-02-09
183,2013-02-10
225,2013-02-11
204,2013-02-12
213,2013-02-13
241,2013-02-14
229,2013-02-15
204,2013-02-16
185,2013-02-17
216,2013-02-18
230,2013-02-19
223,2013-02-20
266,2013-02-21
222,2013-02-22
216,2013-02-23
202,2013-02-24
238,2013-02-25
216,2013-02-26
215,2013-02-27
215,2013-02-28
256,2013-03-01
182,2013-03-02
185,2013-03-03
225,2013-03-04
185,2013-03-05
193,2013-03-06
162,2013-03-07
147,2013-03-08
197,2013-03-09
199,2013-03-10
241,2013-03-11
230,2013-03-12
222,2013-03-13
220,2013-03-14
211,2013-03-15
163,2013-03-16
181,2013-03-17
203,2013-03-18
219,2013-03-19
278,2013-03-20
215,2013-03-21
184,2013-03-22
192,2013-03-23
185,2013-03-24
199,2013-03-25
209,2013-03-26
222,2013-03-27
204,2013-03-28
171,2013-03-29
194,2013-03-30
49,2013-03-31
209,2013-04-01
229,2013-04-02
254,2013-04-03
199,2013-04-04
204,2013-04-05
76,2013-04-06
219,2013-04-07
249,2013-04-08
206,2013-04-09
199,2013-04-10
219,2013-04-11
208,2013-04-12
166,2013-04-13
186,2013-04-14
199,2013-04-15
263,2013-04-16
262,2013-04-17
213,2013-04-18
224,2013-04-19
216,2013-04-20
196,2013-04-21
286,2013-04-22
253,2013-04-23
239,2013-04-24
206,2013-04-25
201,2013-04-26
212,2013-04-27
184,2013-04-28
207,2013-04-29
224,2013-04-30
252,2013-05-01
282,2013-05-02
253,2013-05-03
164,2013-05-04
190,2013-05-05
216,2013-05-06
724,2013-05-07
957,2013-05-08
519,2013-05-09
365,2013-05-10
272,2013-05-11
257,2013-05-12
355,2013-05-13
275,2013-05-14
284,2013-05-15
275,2013-05-16
290,2013-05-17
191,2013-05-18
184,2013-05-19
292,2013-05-20
287,2013-05-21
307,2013-05-22
300,2013-05-23
261,2013-05-24
200,2013-05-25
207,2013-05-26
220,2013-05-27
235,2013-05-28
258,2013-05-29
243,2013-05-30
244,2013-05-31
202,2013-06-01
205,2013-06-02
240,2013-06-03
219,2013-06-04
257,2013-06-05
191,2013-06-06
242,2013-06-07
184,2013-06-08
190,2013-06-09
250,2013-06-10
348,2013-06-11
281,2013-06-12
276,2013-06-13
247,2013-06-14
249,2013-06-15
232,2013-06-16
280,2013-06-17
238,2013-06-18
300,2013-06-19
308,2013-06-20
246,2013-06-21
168,2013-06-22
373,2013-06-23
258,2013-06-24
306,2013-06-25
260,2013-06-26
253,2013-06-27
203,2013-06-28
177,2013-06-29
177,2013-06-30
222,2013-07-01
227,2013-07-02
218,2013-07-03
250,2013-07-04
244,2013-07-05
183,2013-07-06
187,2013-07-07
242,2013-07-08
265,2013-07-09
270,2013-07-10
237,2013-07-11
237,2013-07-12
178,2013-07-13
194,2013-07-14
232,2013-07-15
243,2013-07-16
293,2013-07-17
239,2013-07-18
217,2013-07-19
175,2013-07-20
188,2013-07-21
223,2013-07-22
212,2013-07-23
259,2013-07-24
232,2013-07-25
222,2013-07-26
138,2013-07-27
180,2013-07-28
248,2013-07-29
229,2013-07-30
236,2013-07-31
239,2013-08-01
220,2013-08-02
160,2013-08-03
178,2013-08-04
212,2013-08-05
235,2013-08-06
261,2013-08-07
206,2013-08-08
224,2013-08-09
187,2013-08-10
200,2013-08-11
228,2013-08-12
273,2013-08-13
274,2013-08-14
199,2013-08-15
196,2013-08-16
141,2013-08-17
196,2013-08-18
272,2013-08-19
277,2013-08-20
266,2013-08-21
251,2013-08-22
314,2013-08-23
256,2013-08-24
299,2013-08-25
377,2013-08-26
288,2013-08-27
258,2013-08-28
246,2013-08-29
244,2013-08-30
189,2013-08-31
194,2013-09-01
241,2013-09-02
300,2013-09-03
280,2013-09-04
263,2013-09-05
247,2013-09-06
181,2013-09-07
226,2013-09-08
249,2013-09-09
231,2013-09-10
248,2013-09-11
286,2013-09-12
228,2013-09-13
318,2013-09-14
193,2013-09-15
281,2013-09-16
272,2013-09-17
228,2013-09-18
239,2013-09-19
191,2013-09-20
199,2013-09-21
183,2013-09-22
209,2013-09-23
265,2013-09-24
306,2013-09-25
273,2013-09-26
274,2013-09-27
152,2013-09-28
193,2013-09-29
249,2013-09-30
215,2013-10-01
204,2013-10-02
188,2013-10-03
206,2013-10-04
157,2013-10-05
208,2013-10-06
233,2013-10-07
263,2013-10-08
261,2013-10-09
220,2013-10-10
197,2013-10-11
213,2013-10-12
163,2013-10-13
281,2013-10-14
259,2013-10-15
260,2013-10-16
245,2013-10-17
230,2013-10-18
187,2013-10-19
209,2013-10-20
235,2013-10-21
249,2013-10-22
278,2013-10-23
262,2013-10-24
293,2013-10-25
179,2013-10-26
211,2013-10-27
220,2013-10-28
208,2013-10-29
263,2013-10-30
246,2013-10-31
226,2013-11-01
179,2013-11-02
194,2013-11-03
203,2013-11-04
319,2013-11-05
253,2013-11-06
238,2013-11-07
258,2013-11-08
178,2013-11-09
211,2013-11-10
296,2013-11-11
329,2013-11-12
350,2013-11-13
363,2013-11-14
350,2013-11-15
277,2013-11-16
183,2013-11-17
351,2013-11-18
327,2013-11-19
404,2013-11-20
339,2013-11-21
303,2013-11-22
194,2013-11-23
196,2013-11-24
277,2013-11-25
327,2013-11-26
242,2013-11-27
250,2013-11-28
245,2013-11-29
205,2013-11-30
210,2013-12-01
244,2013-12-02
320,2013-12-03
328,2013-12-04
285,2013-12-05
310,2013-12-06
200,2013-12-07
223,2013-12-08
231,2013-12-09
272,2013-12-10
287,2013-12-11
219,2013-12-12
273,2013-12-13
172,2013-12-14
185,2013-12-15
241,2013-12-16
245,2013-12-17
290,2013-12-18
225,2013-12-19
184,2013-12-20
171,2013-12-21
181,2013-12-22
225,2013-12-23
147,2013-12-24
150,2013-12-25
211,2013-12-26
223,2013-12-27
204,2013-12-28
214,2013-12-29
255,2013-12-30
177,2013-12-31
196,2014-01-01
272,2014-01-02
262,2014-01-03
234,2014-01-04
468,2014-01-05
490,2014-01-06
371,2014-01-07
396,2014-01-08
381,2014-01-09
338,2014-01-10
246,2014-01-11
247,2014-01-12
287,2014-01-13
720,2014-01-14
869,2014-01-15
431,2014-01-16
279,2014-01-17
260,2014-01-18
212,2014-01-19
297,2014-01-20
338,2014-01-21
468,2014-01-22
348,2014-01-23
241,2014-01-24
238,2014-01-25
226,2014-01-26
301,2014-01-27
286,2014-01-28
312,2014-01-29
314,2014-01-30
277,2014-01-31
212,2014-02-01
255,2014-02-02
433,2014-02-03
418,2014-02-04
508,2014-02-05
309,2014-02-06
288,2014-02-07
217,2014-02-08
243,2014-02-09
311,2014-02-10
248,2014-02-11
313,2014-02-12
286,2014-02-13
231,2014-02-14
249,2014-02-15
262,2014-02-16
305,2014-02-17
310,2014-02-18
304,2014-02-19
364,2014-02-20
342,2014-02-21
293,2014-02-22
260,2014-02-23
352,2014-02-24
370,2014-02-25
319,2014-02-26
325,2014-02-27
316,2014-02-28
336,2014-03-01
678,2014-03-02
718,2014-03-03
391,2014-03-04
366,2014-03-05
270,2014-03-06
306,2014-03-07
257,2014-03-08
286,2014-03-09
301,2014-03-10
324,2014-03-11
289,2014-03-12
278,2014-03-13
252,2014-03-14
217,2014-03-15
262,2014-03-16
304,2014-03-17
315,2014-03-18
338,2014-03-19
306,2014-03-20
210,2014-03-21
244,2014-03-22
241,2014-03-23
306,2014-03-24
297,2014-03-25
291,2014-03-26
307,2014-03-27
398,2014-03-28
249,2014-03-29
210,2014-03-30
374,2014-03-31
328,2014-04-01
319,2014-04-02
358,2014-04-03
379,2014-04-04
262,2014-04-05
262,2014-04-06
396,2014-04-07
308,2014-04-08
278,2014-04-09
323,2014-04-10
234,2014-04-11
273,2014-04-12
248,2014-04-13
343,2014-04-14
302,2014-04-15
297,2014-04-16
251,2014-04-17
270,2014-04-18
249,2014-04-19
215,2014-04-20
392,2014-04-21
337,2014-04-22
336,2014-04-23
329,2014-04-24
296,2014-04-25
260,2014-04-26
279,2014-04-27
323,2014-04-28
300,2014-04-29
336,2014-04-30
311,2014-05-01
254,2014-05-02
257,2014-05-03
220,2014-05-04
296,2014-05-05
288,2014-05-06
298,2014-05-07
284,2014-05-08
241,2014-05-09
207,2014-05-10
228,2014-05-11
294,2014-05-12
305,2014-05-13
316,2014-05-14
289,2014-05-15
245,2014-05-16
206,2014-05-17
192,2014-05-18
356,2014-05-19
370,2014-05-20
339,2014-05-21
324,2014-05-22
306,2014-05-23
262,2014-05-24
222,2014-05-25
255,2014-05-26
275,2014-05-27
271,2014-05-28
277,2014-05-29
267,2014-05-30
208,2014-05-31
204,2014-06-01
309,2014-06-02
288,2014-06-03
280,2014-06-04
318,2014-06-05
271,2014-06-06
242,2014-06-07
206,2014-06-08
318,2014-06-09
396,2014-06-10
337,2014-06-11
266,2014-06-12
246,2014-06-13
208,2014-06-14
230,2014-06-15
257,2014-06-16
319,2014-06-17
305,2014-06-18
280,2014-06-19
226,2014-06-20
200,2014-06-21
214,2014-06-22
270,2014-06-23
300,2014-06-24
315,2014-06-25
276,2014-06-26
301,2014-06-27
309,2014-06-28
206,2014-06-29
271,2014-06-30
240,2014-07-01
210,2014-07-02
244,2014-07-03
211,2014-07-04
192,2014-07-05
214,2014-07-06
298,2014-07-07
387,2014-07-08
304,2014-07-09
301,2014-07-10
281,2014-07-11
226,2014-07-12
204,2014-07-13
305,2014-07-14
345,2014-07-15
268,2014-07-16
272,2014-07-17
221,2014-07-18
168,2014-07-19
164,2014-07-20
225,2014-07-21
231,2014-07-22
235,2014-07-23
230,2014-07-24
250,2014-07-25
185,2014-07-26
181,2014-07-27
263,2014-07-28
369,2014-07-29
265,2014-07-30
220,2014-07-31
242,2014-08-01
179,2014-08-02
218,2014-08-03
240,2014-08-04
295,2014-08-05
286,2014-08-06
285,2014-08-07
364,2014-08-08
282,2014-08-09
324,2014-08-10
683,2014-08-11
527,2014-08-12
430,2014-08-13
355,2014-08-14
280,2014-08-15
260,2014-08-16
311,2014-08-17
1025,2014-08-18
677,2014-08-19
367,2014-08-20
373,2014-08-21
383,2014-08-22
220,2014-08-23
241,2014-08-24
343,2014-08-25
372,2014-08-26
296,2014-08-27
286,2014-08-28
270,2014-08-29
205,2014-08-30
230,2014-08-31
283,2014-09-01
263,2014-09-02
280,2014-09-03
290,2014-09-04
270,2014-09-05
209,2014-09-06
185,2014-09-07
303,2014-09-08
268,2014-09-09
296,2014-09-10
281,2014-09-11
282,2014-09-12
216,2014-09-13
223,2014-09-14
346,2014-09-15
334,2014-09-16
299,2014-09-17
270,2014-09-18
249,2014-09-19
157,2014-09-20
225,2014-09-21
278,2014-09-22
255,2014-09-23
288,2014-09-24
248,2014-09-25
233,2014-09-26
205,2014-09-27
194,2014-09-28
271,2014-09-29
297,2014-09-30
295,2014-10-01
281,2014-10-02
242,2014-10-03
230,2014-10-04
207,2014-10-05
318,2014-10-06
298,2014-10-07
333,2014-10-08
337,2014-10-09
261,2014-10-10
229,2014-10-11
242,2014-10-12
268,2014-10-13
311,2014-10-14
355,2014-10-15
330,2014-10-16
256,2014-10-17
199,2014-10-18
183,2014-10-19
258,2014-10-20
356,2014-10-21
348,2014-10-22
354,2014-10-23
275,2014-10-24
243,2014-10-25
208,2014-10-26
315,2014-10-27
418,2014-10-28
277,2014-10-29
296,2014-10-30
237,2014-10-31
174,2014-11-01
232,2014-11-02
292,2014-11-03
286,2014-11-04
287,2014-11-05
329,2014-11-06
456,2014-11-07
240,2014-11-08
235,2014-11-09
281,2014-11-10
269,2014-11-11
293,2014-11-12
312,2014-11-13
315,2014-11-14
222,2014-11-15
221,2014-11-16
291,2014-11-17
311,2014-11-18
298,2014-11-19
342,2014-11-20
373,2014-11-21
271,2014-11-22
219,2014-11-23
370,2014-11-24
454,2014-11-25
392,2014-11-26
273,2014-11-27
215,2014-11-28
214,2014-11-29
207,2014-11-30
345,2014-12-01
326,2014-12-02
339,2014-12-03
420,2014-12-04
365,2014-12-05
261,2014-12-06
237,2014-12-07
321,2014-12-08
311,2014-12-09
280,2014-12-10
315,2014-12-11
285,2014-12-12
194,2014-12-13
226,2014-12-14
282,2014-12-15
286,2014-12-16
272,2014-12-17
218,2014-12-18
191,2014-12-19
142,2014-12-20
166,2014-12-21
214,2014-12-22
167,2014-12-23
137,2014-12-24
144,2014-12-25
184,2014-12-26
211,2014-12-27
207,2014-12-28
226,2014-12-29
229,2014-12-30
171,2014-12-31
150,2015-01-01
225,2015-01-02
237,2015-01-03
254,2015-01-04
259,2015-01-05
295,2015-01-06
271,2015-01-07
312,2015-01-08
253,2015-01-09
221,2015-01-10
182,2015-01-11
290,2015-01-12
244,2015-01-13
310,2015-01-14
265,2015-01-15
260,2015-01-16
212,2015-01-17
168,2015-01-18
11,2015-01-19
